{"loss":0.22672804098279078,"_timestamp":1.74316532520907e+09,"_wandb":{"runtime":0},"_runtime":0.4673892,"_step":7,"acc":0.7023500799388819}