{"_wandb":{"runtime":1},"_step":7,"acc":0.9107833494840627,"loss":0.07371314451324523,"_timestamp":1.741958055022318e+09,"_runtime":1.6823778}