{"_runtime":1.6374914,"_step":7,"acc":0.9126786296701774,"_wandb":{"runtime":1},"loss":0.09622671907057044,"_timestamp":1.7431736860105793e+09}