{"loss":0.1156483818326023,"_timestamp":1.7431737791261997e+09,"_runtime":1.4578798,"_step":7,"_wandb":{"runtime":1},"acc":0.897194710134823}