{"loss":0.11304253220227486,"_timestamp":1.7430821485847158e+09,"_runtime":1.2691779,"_step":7,"_wandb":{"runtime":1},"acc":0.8886363094003377}