{"loss":0.18271783849345313,"_timestamp":1.7431653556943867e+09,"_runtime":0.3931406,"_wandb":{"runtime":0},"_step":7,"acc":0.8674781320211163}