{"_timestamp":1.743172977080914e+09,"_runtime":1.6585497,"_step":7,"acc":0.9335668136661001,"_wandb":{"runtime":1},"loss":0.058440481877885475}