{"_runtime":1.4390665999999999,"_step":7,"_wandb":{"runtime":1},"acc":0.8606252429240067,"loss":0.13756434438756737,"_timestamp":1.7431730201581986e+09}