{"_step":7,"acc":0.8195699571373909,"loss":0.13259741317519141,"_wandb":{"runtime":1},"_timestamp":1.743081822599505e+09,"_runtime":1.8467916}