{"_timestamp":1.7431730037018502e+09,"_runtime":1.5440371000000002,"_step":7,"_wandb":{"runtime":1},"acc":0.7972467931934313,"loss":0.15464803820921993}