{"_step":7,"_wandb":{"runtime":0},"acc":0.8496609796900887,"loss":0.21121714372447725,"_timestamp":1.7431651194703739e+09,"_runtime":0.4359984}