{"_runtime":1.3962235,"_wandb":{"runtime":1},"_step":7,"acc":0.8214186844492714,"loss":0.17810112409193687,"_timestamp":1.743081871232061e+09}