{"_runtime":1.5557857,"_step":7,"acc":0.9028839723394441,"loss":0.0744496300596289,"_timestamp":1.743172519578146e+09,"_wandb":{"runtime":1}}