{"_timestamp":1.7431738026320734e+09,"_wandb":{"runtime":1},"_runtime":1.4192175,"_step":7,"acc":0.9518333780541504,"loss":0.13577999345042413}