{"loss":0.03207399594512343,"_timestamp":1.7431644966689835e+09,"_runtime":0.4470185,"_step":7,"_wandb":{"runtime":0},"acc":0.9048667753001297}