{"_runtime":1.8254087,"_step":7,"acc":0.875858526047798,"_wandb":{"runtime":1},"loss":0.21643240111899292,"_timestamp":1.7431738198011558e+09}