{"loss":0.23146506826197083,"_wandb":{"runtime":0},"_timestamp":1.7431645237524257e+09,"_runtime":0.4631088,"_step":7,"acc":0.7301236018755981}