{"_timestamp":1.7431639421004617e+09,"_runtime":0.4699067,"_step":7,"_wandb":{"runtime":0},"acc":0.8460324832523196,"loss":0.10400470359522854}