{"_wandb":{"runtime":0},"_timestamp":1.743163990264672e+09,"_runtime":0.410285,"_step":7,"acc":0.9364446875929128,"loss":0.07089624380956305}