{"_step":7,"_wandb":{"runtime":0},"acc":0.9176443704979338,"loss":0.10167615631470721,"_timestamp":1.7431640361495333e+09,"_runtime":0.4620087}